INSERT INTO "user" VALUES ( DEFAULT,'Student','1','he/him', 'student1@example.com', '5e884898da28047151d0e56f8dc6292773603d0d6aabbdd62a11ef721d1542d8', 'student', 'http://localhost:8000/images/logos/0.webp' );
INSERT INTO "user" VALUES ( DEFAULT,'Student','2','he/him', 'student2@example.com', '5e884898da28047151d0e56f8dc6292773603d0d6aabbdd62a11ef721d1542d8', 'student', 'http://localhost:8000/images/logos/1.webp' );
INSERT INTO "user" VALUES ( DEFAULT,'Admin','Admin','he/him', 'admin@example.com', '5e884898da28047151d0e56f8dc6292773603d0d6aabbdd62a11ef721d1542d8', 'admin', 'http://localhost:8000/images/logos/2.webp' );
INSERT INTO "user" VALUES ( DEFAULT,'Teacher', 'Teacher', 'he/him', 'teacher@example.com', '5e884898da28047151d0e56f8dc6292773603d0d6aabbdd62a11ef721d1542d8', 'teacher', 'http://localhost:8000/images/logos/3.webp' );

INSERT INTO "class" VALUES ( DEFAULT, 'BUT_1' );
INSERT INTO "class" VALUES ( DEFAULT, 'BUT_2' );
INSERT INTO "class" VALUES ( DEFAULT, 'BUT_3' );

INSERT INTO "group" VALUES ( DEFAULT, 'BUT_1_1' );
INSERT INTO "group" VALUES ( DEFAULT, 'BUT_1_2' );
INSERT INTO "group" VALUES ( DEFAULT, 'BUT_2_APP' );
INSERT INTO "group" VALUES ( DEFAULT, 'BUT_2_1' );
INSERT INTO "group" VALUES ( DEFAULT, 'BUT_2_2' );
INSERT INTO "group" VALUES ( DEFAULT, 'BUT_3_APP' );
INSERT INTO "group" VALUES ( DEFAULT, 'BUT_3_1' );
INSERT INTO "group" VALUES ( DEFAULT, 'BUT_3_2' );

INSERT INTO "unit" VALUES ( 'Maths' );
INSERT INTO "unit" VALUES ( 'Optimization' );
INSERT INTO "unit" VALUES ( 'Database Managment' );
INSERT INTO "unit" VALUES ( 'Web Dev' );
INSERT INTO "unit" VALUES ( 'AI' );
INSERT INTO "unit" VALUES ( 'Machine Learning' );
INSERT INTO "unit" VALUES ( 'Data Science' );
INSERT INTO "unit" VALUES ( 'Statistics' );
INSERT INTO "unit" VALUES ( 'Law' );
INSERT INTO "unit" VALUES ( 'Economy' );
INSERT INTO "unit" VALUES ( 'History' );

INSERT INTO "student_info" VALUES ( 1, 123456, 1, 1 );
INSERT INTO "student_info" VALUES ( 2, 120457, 2, 5 );

INSERT INTO "attendance" VALUES ( 1, 1, true, false, '', true );
INSERT INTO "attendance" VALUES ( 2, 2, true, true, 'Too late', false );

INSERT INTO "assigned_homework" VALUES ( DEFAULT, 'Finir le TP 1', '2021-01-12', 4, 'Finir le TP de la semaine 1', 1 );
INSERT INTO "assigned_homework" VALUES ( DEFAULT, 'Finir le TP 2', '2021-01-13', 4, 'Finir le TP de la semaine 2', 1 );
INSERT INTO "assigned_homework" VALUES ( DEFAULT, 'Finir le TP 3', '2022-05-14', 4, 'Finir le TP de la semaine 3', 1 );
INSERT INTO "assigned_homework" VALUES ( DEFAULT, 'Finir le TP 4', '2021-07-15', 4, 'Finir le TP de la semaine 4', 1 );
INSERT INTO "assigned_homework" VALUES ( DEFAULT, 'Finir le TP 5', '2021-08-16', 4, 'Finir le TP de la semaine 5', 1 );
INSERT INTO "assigned_homework" VALUES ( DEFAULT, 'Finir le TP 6', '2021-09-17', 4, 'Finir le TP de la semaine 6', 1 );
INSERT INTO "assigned_homework" VALUES ( DEFAULT, 'Finir le TP 7', '2021-12-18', 1, 'Finir le TP de la semaine 7', None );
INSERT INTO "assigned_homework" VALUES ( DEFAULT, 'Finir le TP 8', '2021-12-19', 1, 'Finir le TP de la semaine 8', None );

INSERT INTO "homework_status" VALUES ( 1, 1, false );
INSERT INTO "homework_status" VALUES ( 2, 1, true );
INSERT INTO "homework_status" VALUES ( 3, 1, true );
INSERT INTO "homework_status" VALUES ( 4, 1, true );
INSERT INTO "homework_status" VALUES ( 5, 1, true );
INSERT INTO "homework_status" VALUES ( 6, 1, true );
INSERT INTO "homework_status" VALUES ( 7, 2, true );
INSERT INTO "homework_status" VALUES ( 8, 1, false );

INSERT INTO "exams" VALUES ( DEFAULT, 'Devoir final', 20, 1, '2021-12-12', 'Maths');
INSERT INTO "exams" VALUES ( DEFAULT, 'TP numéro 1', 10, 2, '2021-12-13', 'Optimization');
INSERT INTO "exams" VALUES ( DEFAULT, 'Découverte de Nuxt', 15, 3, '2021-12-14', 'Web Dev');
INSERT INTO "exams" VALUES ( DEFAULT, 'Découverte de SQL', 5, 1, '2021-12-15', 'Database Managment');
INSERT INTO "exams" VALUES ( DEFAULT, 'TP Microsoft Access', 10, 2, '2021-12-16', 'Database Managment');
INSERT INTO "exams" VALUES ( DEFAULT, 'SQL dans un langage', 15, 3, '2021-12-17', 'Database Managment');
INSERT INTO "exams" VALUES ( DEFAULT, 'Géométrie', 10, 1, '2021-12-18', 'Maths');
INSERT INTO "exams" VALUES ( DEFAULT, 'Algèbre', 10, 2, '2021-12-19', 'Maths');
INSERT INTO "exams" VALUES ( DEFAULT, 'Calcul', 15, 3, '2021-12-20', 'Maths');
INSERT INTO "exams" VALUES ( DEFAULT, 'G.A.M.S', 20, 1, '2021-12-21', 'Optimization');
INSERT INTO "exams" VALUES ( DEFAULT, 'Découverte des modèles', 20, 2, '2022-01-01', 'AI');
INSERT INTO "exams" VALUES ( DEFAULT, 'Découverte des réseaux de neuronnes', 20, 3, '2022-01-02', 'AI');
INSERT INTO "exams" VALUES ( DEFAULT, 'Découverte des SVM', 20, 1, '2022-01-03', 'Machine Learning');
INSERT INTO "exams" VALUES ( DEFAULT, 'Découverte des KNN', 20, 2, '2022-01-04', 'Machine Learning');
INSERT INTO "exams" VALUES ( DEFAULT, 'Analyse de données', 20, 3, '2022-02-05', 'Data Science');
INSERT INTO "exams" VALUES ( DEFAULT, 'Découverte des statistiques', 20, 1, '2022-02-06', 'Statistics');
INSERT INTO "exams" VALUES ( DEFAULT, 'Découverte des statistiques avancées', 20, 2, '2022-02-07', 'Statistics');
INSERT INTO "exams" VALUES ( DEFAULT, 'Découverte des lois', 10, 1, '2022-02-08', 'Law');
INSERT INTO "exams" VALUES ( DEFAULT, 'Découverte des lois avancées', 10, 2, '2022-02-09', 'Law');
INSERT INTO "exams" VALUES ( DEFAULT, 'Découverte des lois internationales', 10, 3, '2022-02-10', 'Law');
INSERT INTO "exams" VALUES ( DEFAULT, 'Découverte des lois internationales avancées', 10, 1, '2022-02-11', 'Law');
INSERT INTO "exams" VALUES ( DEFAULT, 'Bases économie', 10, 2, '2022-02-12', 'Economy');
INSERT INTO "exams" VALUES ( DEFAULT, 'Histoire France', 10, 3, '2022-02-13', 'History');
INSERT INTO "exams" VALUES ( DEFAULT, 'Histoire Europe', 10, 1, '2022-02-14', 'History');
INSERT INTO "exams" VALUES ( DEFAULT, 'Histoire Monde', 10, 2, '2022-02-15', 'History');

INSERT INTO "marks" VALUES ( 1, 1, 11, DEFAULT );
INSERT INTO "marks" VALUES ( 1, 2, 10, DEFAULT );
INSERT INTO "marks" VALUES ( 1, 3, 15, DEFAULT );
INSERT INTO "marks" VALUES ( 1, 4, 5, DEFAULT );
INSERT INTO "marks" VALUES ( 1, 5, 10, DEFAULT );
INSERT INTO "marks" VALUES ( 1, 6, 8, DEFAULT );
INSERT INTO "marks" VALUES ( 1, 7, 0, DEFAULT );
INSERT INTO "marks" VALUES ( 1, 8, 2, DEFAULT );
INSERT INTO "marks" VALUES ( 1, 9, 15, DEFAULT );
INSERT INTO "marks" VALUES ( 1, 10, 20, DEFAULT );
INSERT INTO "marks" VALUES ( 1, 11, 10, DEFAULT );
INSERT INTO "marks" VALUES ( 1, 12, 10, DEFAULT );
INSERT INTO "marks" VALUES ( 1, 13, 9, DEFAULT );
INSERT INTO "marks" VALUES ( 1, 14, 10, DEFAULT );
INSERT INTO "marks" VALUES ( 1, 15, 15, DEFAULT );
INSERT INTO "marks" VALUES ( 1, 16, 5, DEFAULT );
INSERT INTO "marks" VALUES ( 1, 17, 10, DEFAULT );
INSERT INTO "marks" VALUES ( 1, 18, 13, DEFAULT );
INSERT INTO "marks" VALUES ( 1, 19, 7, DEFAULT );
INSERT INTO "marks" VALUES ( 1, 20, 10, DEFAULT );
INSERT INTO "marks" VALUES ( 1, 21, 8, DEFAULT );
INSERT INTO "marks" VALUES ( 1, 22, 20, DEFAULT );
INSERT INTO "marks" VALUES ( 1, 23, 20, DEFAULT );
INSERT INTO "marks" VALUES ( 1, 24, 2, DEFAULT );
INSERT INTO "marks" VALUES ( 1, 25, 15, DEFAULT );
INSERT INTO "marks" VALUES ( 2, 1, 11, DEFAULT );
INSERT INTO "marks" VALUES ( 2, 2, 10, DEFAULT );
INSERT INTO "marks" VALUES ( 2, 3, 15, DEFAULT );
INSERT INTO "marks" VALUES ( 2, 4, 5, DEFAULT );
INSERT INTO "marks" VALUES ( 2, 5, 10, DEFAULT );
INSERT INTO "marks" VALUES ( 2, 6, 13, DEFAULT );
INSERT INTO "marks" VALUES ( 2, 7, 7, DEFAULT );
INSERT INTO "marks" VALUES ( 2, 8, 10, DEFAULT );
INSERT INTO "marks" VALUES ( 2, 9, 15, DEFAULT );
INSERT INTO "marks" VALUES ( 2, 10, 20, DEFAULT );
INSERT INTO "marks" VALUES ( 2, 11, 10, DEFAULT );
INSERT INTO "marks" VALUES ( 2, 12, 10, DEFAULT );
INSERT INTO "marks" VALUES ( 2, 13, 10, DEFAULT );
INSERT INTO "marks" VALUES ( 2, 14, 10, DEFAULT );
INSERT INTO "marks" VALUES ( 2, 15, 3, DEFAULT );
INSERT INTO "marks" VALUES ( 2, 16, 5, DEFAULT );
INSERT INTO "marks" VALUES ( 2, 17, 10, DEFAULT );
INSERT INTO "marks" VALUES ( 2, 18, 13, DEFAULT );
INSERT INTO "marks" VALUES ( 2, 19, 7, DEFAULT );
INSERT INTO "marks" VALUES ( 2, 20, 10, DEFAULT );
INSERT INTO "marks" VALUES ( 2, 21, 15, DEFAULT );
INSERT INTO "marks" VALUES ( 2, 22, 20, DEFAULT );
INSERT INTO "marks" VALUES ( 2, 23, 20, DEFAULT );
INSERT INTO "marks" VALUES ( 2, 24, 2, DEFAULT );
INSERT INTO "marks" VALUES ( 2, 25, 15, DEFAULT );
